{
  "train_loss": [
    349239.046875,
    349791.140625,
    348576.859375,
    349124.4375,
    348727.046875,
    349000.1875,
    348567.96875,
    349091.78125,
    348414.734375,
    348706.375,
    347837.3125,
    348050.734375,
    347589.9375,
    348511.4375,
    347479.65625,
    348395.4375,
    348221.1875,
    347778.546875,
    347770.984375,
    347350.734375,
    347378.140625,
    347069.875,
    347252.5625,
    347096.0,
    347389.671875,
    346708.703125,
    347247.796875,
    347317.046875,
    346676.890625,
    347143.671875,
    345909.0625,
    346398.78125,
    346453.046875,
    346237.78125,
    345728.875,
    346176.8125,
    345455.71875,
    345891.0,
    345506.109375,
    345759.203125,
    345320.21875,
    345253.015625,
    344841.890625,
    345537.84375,
    344988.890625,
    344984.78125,
    344284.28125,
    345365.578125,
    345132.171875,
    344471.125
  ],
  "val_loss": [
    346275.875,
    346066.28125,
    345897.75,
    345741.5,
    345600.0,
    345471.9375,
    345355.15625,
    345239.09375,
    345132.28125,
    345034.6875,
    344938.59375,
    344847.875,
    344758.59375,
    344668.03125,
    344588.46875,
    344493.71875,
    344404.5,
    344323.84375,
    344234.09375,
    344157.84375,
    344069.6875,
    343984.15625,
    343900.125,
    343807.9375,
    343724.40625,
    343641.53125,
    343554.9375,
    343468.59375,
    343379.375,
    343287.21875,
    343187.125,
    343092.90625,
    342994.4375,
    342891.3125,
    342802.53125,
    342713.5,
    342602.875,
    342509.4375,
    342400.28125,
    342298.28125,
    342181.0625,
    342090.28125,
    341973.1875,
    341854.375,
    341736.0625,
    341635.40625,
    341510.28125,
    341409.125,
    341292.15625,
    341184.46875
  ],
  "position_loss": [
    349238.984375,
    349791.078125,
    348576.796875,
    349124.375,
    348726.984375,
    349000.125,
    348567.90625,
    349091.734375,
    348414.6875,
    348706.34375,
    347837.28125,
    348050.703125,
    347589.90625,
    348511.40625,
    347479.625,
    348395.40625,
    348221.15625,
    347778.515625,
    347770.953125,
    347350.703125,
    347378.109375,
    347069.84375,
    347252.53125,
    347095.96875,
    347389.640625,
    346708.671875,
    347247.765625,
    347317.015625,
    346676.859375,
    347143.640625,
    345909.03125,
    346398.75,
    346453.03125,
    346237.78125,
    345728.875,
    346176.8125,
    345455.71875,
    345891.0,
    345506.109375,
    345759.203125,
    345320.21875,
    345253.015625,
    344841.890625,
    345537.84375,
    344988.890625,
    344984.78125,
    344284.28125,
    345365.578125,
    345132.171875,
    344471.125
  ],
  "existence_loss": [
    0.7368233799934387,
    0.7659607529640198,
    0.7072800397872925,
    0.6739860773086548,
    0.5958488881587982,
    0.561240941286087,
    0.4999873489141464,
    0.47806431353092194,
    0.45884937047958374,
    0.4296564906835556,
    0.40415771305561066,
    0.38230100274086,
    0.3614575117826462,
    0.3492213487625122,
    0.3249690532684326,
    0.31508374214172363,
    0.30290208756923676,
    0.29387904703617096,
    0.2815406620502472,
    0.27109041810035706,
    0.25937363505363464,
    0.24873009324073792,
    0.23565582185983658,
    0.2364521324634552,
    0.2171853631734848,
    0.210699662566185,
    0.200443796813488,
    0.19542326778173447,
    0.186780646443367,
    0.17730410397052765,
    0.16726423799991608,
    0.16550978273153305,
    0.15744680911302567,
    0.15083594620227814,
    0.14249399304389954,
    0.14095403254032135,
    0.13509982079267502,
    0.1321219876408577,
    0.12474215775728226,
    0.11752063035964966,
    0.11363990604877472,
    0.1120188981294632,
    0.10548975691199303,
    0.10303778946399689,
    0.10128265619277954,
    0.09426627680659294,
    0.0908418521285057,
    0.08865528181195259,
    0.08894002810120583,
    0.0848880186676979
  ]
}